<?xml version="1.0" encoding="UTF-8" standalone="yes"?>
<ns2:ExportManifest xmlns:ns2="http://www.pentaho.com/schema/">
    <ExportManifestInformation exportDate="23-10-2023 02:11:04 UYT" exportBy="admin" rootFolder="/public/cde/templates/bootstrap/" manifestVersion="2"/>
    <ExportManifestEntity path="GubUY Theme V2.cdfde">
        <ExportManifestProperty>
            <EntityMetaData name="GubUY Theme V2.cdfde" createdDate="2023-10-04T13:47:23.070-03:00" isFolder="false" path="GubUY Theme V2.cdfde" isHidden="false" isSchedulable="true" locale="en_US" title="GubUY Theme V2.cdfde"/>
        </ExportManifestProperty>
        <ExportManifestProperty>
            <EntityAcl>
                <entriesInheriting>true</entriesInheriting>
                <owner>admin</owner>
                <ownerType>USER</ownerType>
            </EntityAcl>
        </ExportManifestProperty>
    </ExportManifestEntity>
</ns2:ExportManifest>
